{
    "status": "0",
    "msg": "",
    "result": [
        {
            "productId": "100001",
            "productName":"小米6",
            "productPrice": 2499,
            "productImg":"1.jpg"
        },
        {
            "productId": "100001",
            "productName": "小米5",
            "productPrice": 1299,
            "productImg": "2.jpg"
        },
        {
            "productId": "100001",
            "productName": "小米m1",
            "productPrice": 4499,
            "productImg": "3.jpg"
        }
    ]
}